platform,published_at,media_type,title_or_caption,url,views,likes,comments,shares,saves,estimated_minutes_watched,average_view_duration_seconds,subscribers_gained,engagement_rate_percent,channel_label,publishedAt,published_date,mediaType,post_type,titleOrCaption,reach,clicks,estimatedMinutesWatched,averageViewDurationSeconds,subscribersGained,engagementRatePercent,content_signal,recommended_action,facebook_reel_plays,facebook_3s_views,facebook_3s_unique_views,facebook_10s_views,facebook_15s_views,facebook_total_views_any,facebook_total_media_view,facebook_total_media_view_unique,estimated_actual_views,facebook_15s_view_rate_percent,facebook_plays_per_reached_person,facebook_avg_watch_seconds,reactions,length_seconds,facebook_metric_source,facebook_candidate_source,facebook_video_id_used,facebook_post_id_fallback,facebook_reactions_by_type,facebook_clicks_by_type,facebook_insight_metrics_returned,facebook_raw_metrics_json,page_name,asset_key,pillar,topic,post_date,engagement_rate,facebook_url,url_normalized,campaign,short_num,already_crossposted,book_or_offer,content_pillar,cta
YouTube,2026-05-27,VIDEO,The Roman System — Why Ordinary Men Built an Empire | The Roman Protocol,https://www.youtube.com/watch?v=NA_Ukkl4Z5c,539,14,0,1,0,115.0,24.0,1,2.78,Will Power Protocols,,,,,,,,,,,,"Winner, Sticky, Watch-Time Winner, Promising, Repurpose Candidate",Study the hook/title and make a follow-up. Audience watched longer than usual; expand this topic. This generated real watch time; create a deeper version. Good engagement; test a stronger hook or repost angle. Turn this Short into an Instagram Reel.,,,,,,,,,,,,,,,,,,,,,,,,,,,,,,https://www.youtube.com/watch?v=NA_Ukkl4Z5c,Roman Protocol Launch,1,True,The Roman Protocol,System,—
YouTube,2026-05-28,VIDEO,"Roman Legionaries Invented Zone 2 Training 2,000 Years Ago | The Roman Protocol",https://www.youtube.com/watch?v=qeOkF_QsAag,468,7,0,0,0,0.0,0.0,0,1.5,Will Power Protocols,,,,,,,,,,,,"Winner, Repurpose Candidate",Study the hook/title and make a follow-up. Turn this Short into an Instagram Reel.,,,,,,,,,,,,,,,,,,,,,,,,,,,,,,https://www.youtube.com/watch?v=qeOkF_QsAag,Roman Protocol Launch,2,True,The Roman Protocol,Zone 2,—
YouTube,2026-05-29,VIDEO,Marcus Aurelius's 3-Minute Morning Protocol — Ancient Science | The Roman Protocol,https://www.youtube.com/watch?v=UalA78muB08,365,10,0,0,0,0.0,0.0,0,2.74,Will Power Protocols,,,,,,,,,,,,"Winner, Promising, Repurpose Candidate",Study the hook/title and make a follow-up. Good engagement; test a stronger hook or repost angle. Turn this Short into an Instagram Reel.,,,,,,,,,,,,,,,,,,,,,,,,,,,,,,https://www.youtube.com/watch?v=UalA78muB08,Roman Protocol Launch,3,True,The Roman Protocol,Mindset,—
YouTube,2026-05-22,VIDEO,Use AI To Protect Your Brain After 50 | Cognitive Protocol | AI After 50,https://www.youtube.com/watch?v=35el68RGBco,334,3,0,0,0,27.0,21.0,1,0.9,Will Power Protocols,,,,,,,,,,,,"Winner, Watch-Time Winner, Repurpose Candidate",Study the hook/title and make a follow-up. This generated real watch time; create a deeper version. Turn this Short into an Instagram Reel.,,,,,,,,,,,,,,,,,,,,,,,,,,,,,,https://www.youtube.com/watch?v=35el68RGBco,AI After 50 Launch,4,True,AI After 50,Cognition,—
YouTube,2026-05-27,VIDEO,What the Blood Knows — Official Trailer | The Waking Series | Will Byron,https://www.youtube.com/watch?v=jgIbJFkHzqk,306,4,0,0,0,21.0,16.0,0,1.31,Will Power Protocols,,,,,,,,,,,,"Winner, Watch-Time Winner, Repurpose Candidate",Study the hook/title and make a follow-up. This generated real watch time; create a deeper version. Turn this Short into an Instagram Reel.,,,,,,,,,,,,,,,,,,,,,,,,,,,,,,https://www.youtube.com/watch?v=jgIbJFkHzqk,What the Blood Knows Launch,1,True,What the Blood Knows,Hook,—
FB-Image-PrehistoricMemories,2026-05-22,IMAGE,"A fossil found 30 years ago was just reclassified — and it's a new species. Titanomachya gimenezi, recently described fr...",https://www.facebook.com/122100168117336301/posts/122097666921336301,299,1,0,0,0,0.0,0.0,0,0.33,,,,,,,299.0,1.0,,,,,Winner,Study the hook/title and make a follow-up.,,,,,,,,,,,,,1.0,,,,,,,,,,Prehistoric Memories,PM-FB-01,Just Discovered,Titanomachya gimenezi — new sauropod from museum basement,2026-05-22,0.33,https://www.facebook.com/122100168117336301/posts/122097666921336301,https://www.facebook.com/permalink/122097666921336301,—,—,,Prehistoric Memories,—,—
FB-Image-TheProtocolLab,2026-05-24,IMAGE,"After 50, the hippocampus shrinks 1–2% every year.  That's the region responsible for learning and memory. Most people a...",https://www.facebook.com/122096332239348222/posts/122095017285348222,293,1,0,0,0,0.0,0.0,0,0.34,,,,,,,293.0,9.0,,,,,Winner,Study the hook/title and make a follow-up.,,,,,,,,,,,,,1.0,,,,,,,,,,The Protocol Lab,TPL-FB-01,Brain & Cognition,Your Brain Shrinks After 50. One Exercise Grows It Back.,2026-05-24,0.34,https://www.facebook.com/122096332239348222/posts/122095017285348222,https://www.facebook.com/permalink/122095017285348222,—,—,,The Protocol Lab,—,—
Facebook,2026-05-21,VIDEO,"Most men over 50 think they need less sleep. The science says the opposite.  Growth hormone, testosterone, cortisol regulation, muscle repair — a...",https://www.facebook.com/reel/4377515822535852/,237,1,0,0,0,17.18,4.35,0,0.42,,2026-05-21T20:12:34+0000,2026-05-21,VIDEO,REEL,"Most men over 50 think they need less sleep. The science says the opposite.  Growth hormone, testosterone, cortisol regulation, muscle repair — a...",235.0,0.0,17.18,4.35,0.0,0.42,Winner,Study the hook/title and make a follow-up.,237.0,82.0,79.0,0.0,13.0,237.0,0.0,232.0,237.0,5.49,1.01,4.35,1.0,44.0,post_insights+video_insights,posts_attachment,4377515822535852,1099582573243403_122095484451340266,"{""like"": 1}",{},"blue_reels_play_count,post_clicks,post_clicks_by_type,post_impressions_unique,post_reactions_by_type_total,post_total_media_view_unique,post_video_avg_time_watched,post_video_complete_views_30s,post_video_complete_views_30s_unique,post_video_view_time,post_video_views,post_video_views_15s,post_video_views_unique","{""blue_reels_play_count"": 237, ""post_video_view_time"": 1031079, ""post_video_avg_time_watched"": 4350, ""post_impressions_unique"": 235, ""post_reactions_by_type_total"": {""like"": 1}, ""post_clicks"": 0, ""post_clicks_by_type"": {}, ""post_video_views"": 82, ""post_video_views_unique"": 79, ""post_video_views_15s"": 13, ""post_total_media_view_unique"": 232, ""post_video_complete_views_30s"": 6, ""post_video_complete_views_30s_unique"": 5}",,,,,,,,https://www.facebook.com/reel/4377515822535852,Win the Long War Launch,1,True,Win the Long War,Sleep,—
FB-Image-TheProtocolLab,2026-05-24,IMAGE,One night of sleep deprivation raises beta-amyloid in the human brain by 17%.  Beta-amyloid is the protein that accumula...,https://www.facebook.com/122096332239348222/posts/122095019637348222,235,0,0,0,0,0.0,0.0,0,0.0,,,,,,,235.0,2.0,,,,,Winner,Study the hook/title and make a follow-up.,,,,,,,,,,,,,0.0,,,,,,,,,,The Protocol Lab,TPL-FB-01,Sleep Architecture,One Night of Bad Sleep Raises Alzheimer Protein by 17%,2026-05-24,0.0,https://www.facebook.com/122096332239348222/posts/122095019637348222,https://www.facebook.com/permalink/122095019637348222,—,—,,The Protocol Lab,—,—
FB-Image-PrehistoricMemories,2026-05-22,IMAGE,"Göbekli Tepe is 12,000 years old. That's 6,000 years before Stonehenge. 7,000 years before the pyramids. And it was buil...",https://www.facebook.com/122100168117336301/posts/122097634089336301,226,8,0,1,0,0.0,0.0,0,3.54,,,,,,,226.0,14.0,,,,,"Winner, Promising",Study the hook/title and make a follow-up. Good engagement; test a stronger hook or repost angle.,,,,,,,,,,,,,8.0,,,,,,,,,,Prehistoric Memories,PM-FB-01,Lost & Forgotten,"Göbekli Tepe — 12,000 years old, deliberately buried",2026-05-22,3.54,https://www.facebook.com/122100168117336301/posts/122097634089336301,https://www.facebook.com/permalink/122097634089336301,—,—,,Prehistoric Memories,—,—
FB-Image-PrehistoricMemories,2026-05-22,IMAGE,"About 4.5 billion years ago, a Mars-sized rock called Theia slammed into the early Earth. The impact was so catastrophic...",https://www.facebook.com/122100168117336301/posts/122097632199336301,216,5,1,2,0,0.0,0.0,0,2.31,,,,,,,216.0,17.0,,,,,"Winner, Promising",Study the hook/title and make a follow-up. Good engagement; test a stronger hook or repost angle.,,,,,,,,,,,,,5.0,,,,,,,,,,Prehistoric Memories,PM-FB-01,Cosmic Origins,Theia impact — how the Moon formed,2026-05-22,2.31,https://www.facebook.com/122100168117336301/posts/122097632199336301,https://www.facebook.com/permalink/122097632199336301,—,—,,Prehistoric Memories,—,—
FB-Image-PrehistoricMemories,2026-05-22,IMAGE,"The woolly mammoth went extinct about 4,000 years ago. The pyramids of Giza were already 600 years old. We tend to think...",https://www.facebook.com/122100168117336301/posts/122097672867336301,214,4,0,1,0,0.0,0.0,0,1.87,,,,,,,214.0,12.0,,,,,"Winner, Promising",Study the hook/title and make a follow-up. Good engagement; test a stronger hook or repost angle.,,,,,,,,,,,,,4.0,,,,,,,,,,Prehistoric Memories,PM-FB-01,Ancient Life,"Woolly mammoth — extinct 4,000 years ago, being revived",2026-05-22,1.87,https://www.facebook.com/122100168117336301/posts/122097672867336301,https://www.facebook.com/permalink/122097672867336301,—,—,,Prehistoric Memories,—,—
FB-Image-TheProtocolLab,2026-05-23,IMAGE,"Most people track nothing. Or they track the wrong things.  After 50, these five numbers tell you almost everything you ...",https://www.facebook.com/122096332239348222/posts/122094340065348222,213,0,0,1,0,0.0,0.0,0,0.0,,,,,,,213.0,4.0,,,,,Winner,Study the hook/title and make a follow-up.,,,,,,,,,,,,,0.0,,,,,,,,,,The Protocol Lab,TPL-FB-01,The System,Five Numbers That Tell You Everything About Your Health After 50,2026-05-24,0.0,https://www.facebook.com/122096332239348222/posts/122094340065348222,https://www.facebook.com/permalink/122094340065348222,—,—,,The Protocol Lab,—,—
Facebook,2026-05-21,VIDEO,Your doctor has 14 minutes. Your bloodwork has 60 data points.  Those two facts do not add up. After 50 your panels matter more than ever — testo...,https://www.facebook.com/reel/831907342925223/,211,0,0,0,0,29.38,8.35,0,0.0,,2026-05-21T09:50:35+0000,2026-05-21,VIDEO,REEL,Your doctor has 14 minutes. Your bloodwork has 60 data points.  Those two facts do not add up. After 50 your panels matter more than ever — testo...,208.0,0.0,29.38,8.35,0.0,0.0,Winner,Study the hook/title and make a follow-up.,211.0,64.0,60.0,0.0,10.0,211.0,0.0,200.0,211.0,4.74,1.01,8.35,0.0,41.0,post_insights+video_insights,posts_attachment,831907342925223,1099582573243403_122095138899340266,{},{},"blue_reels_play_count,post_clicks,post_clicks_by_type,post_impressions_unique,post_reactions_by_type_total,post_total_media_view_unique,post_video_avg_time_watched,post_video_complete_views_30s,post_video_complete_views_30s_unique,post_video_view_time,post_video_views,post_video_views_15s,post_video_views_unique","{""blue_reels_play_count"": 211, ""post_video_view_time"": 1762508, ""post_video_avg_time_watched"": 8353, ""post_impressions_unique"": 208, ""post_reactions_by_type_total"": {}, ""post_clicks"": 0, ""post_clicks_by_type"": {}, ""post_video_views"": 64, ""post_video_views_unique"": 60, ""post_video_views_15s"": 10, ""post_total_media_view_unique"": 200, ""post_video_complete_views_30s"": 6, ""post_video_complete_views_30s_unique"": 5}",,,,,,,,https://www.facebook.com/reel/831907342925223,AI After 50 Launch,2,True,AI After 50,Bloodwork,—
Facebook,2026-05-21,VIDEO,"Generic training plans were built for 30-year-olds.  After 50 your recovery window is longer, injury risk is higher, and your hormonal environmen...",https://www.facebook.com/reel/1001813415833655/,208,0,0,0,0,8.11,2.34,0,0.0,,2026-05-21T09:46:19+0000,2026-05-21,VIDEO,REEL,"Generic training plans were built for 30-year-olds.  After 50 your recovery window is longer, injury risk is higher, and your hormonal environmen...",206.0,0.0,8.11,2.34,0.0,0.0,Winner,Study the hook/title and make a follow-up.,208.0,18.0,13.0,0.0,1.0,208.0,0.0,200.0,208.0,0.48,1.01,2.34,0.0,41.0,post_insights+video_insights,posts_attachment,1001813415833655,1099582573243403_122095137657340266,{},{},"blue_reels_play_count,post_clicks,post_clicks_by_type,post_impressions_unique,post_reactions_by_type_total,post_total_media_view_unique,post_video_avg_time_watched,post_video_complete_views_30s,post_video_complete_views_30s_unique,post_video_view_time,post_video_views,post_video_views_15s,post_video_views_unique","{""blue_reels_play_count"": 208, ""post_video_view_time"": 486574, ""post_video_avg_time_watched"": 2339, ""post_impressions_unique"": 206, ""post_reactions_by_type_total"": {}, ""post_clicks"": 0, ""post_clicks_by_type"": {}, ""post_video_views"": 18, ""post_video_views_unique"": 13, ""post_video_views_15s"": 1, ""post_total_media_view_unique"": 200, ""post_video_complete_views_30s"": 1, ""post_video_complete_views_30s_unique"": 1}",,,,,,,,https://www.facebook.com/reel/1001813415833655,AI After 50 Launch,1,True,AI After 50,Training,—
Facebook,2026-05-21,VIDEO,"After 50, men lose 3–5% muscle mass per decade. After 60 it accelerates.  Muscle is metabolic armor. It drives your resting metabolic rate, regul...",https://www.facebook.com/reel/980237058379884/,202,1,0,0,0,16.21,4.81,0,0.5,,2026-05-21T20:17:04+0000,2026-05-21,VIDEO,REEL,"After 50, men lose 3–5% muscle mass per decade. After 60 it accelerates.  Muscle is metabolic armor. It drives your resting metabolic rate, regul...",201.0,0.0,16.21,4.81,0.0,0.5,Winner,Study the hook/title and make a follow-up.,202.0,58.0,57.0,0.0,15.0,202.0,0.0,197.0,202.0,7.43,1.0,4.81,1.0,43.0,post_insights+video_insights,posts_attachment,980237058379884,1099582573243403_122095486869340266,"{""like"": 1}",{},"blue_reels_play_count,post_clicks,post_clicks_by_type,post_impressions_unique,post_reactions_by_type_total,post_total_media_view_unique,post_video_avg_time_watched,post_video_complete_views_30s,post_video_complete_views_30s_unique,post_video_view_time,post_video_views,post_video_views_15s,post_video_views_unique","{""blue_reels_play_count"": 202, ""post_video_view_time"": 972564, ""post_video_avg_time_watched"": 4814, ""post_impressions_unique"": 201, ""post_reactions_by_type_total"": {""like"": 1}, ""post_clicks"": 0, ""post_clicks_by_type"": {}, ""post_video_views"": 58, ""post_video_views_unique"": 57, ""post_video_views_15s"": 15, ""post_total_media_view_unique"": 197, ""post_video_complete_views_30s"": 6, ""post_video_complete_views_30s_unique"": 5}",,,,,,,,https://www.facebook.com/reel/980237058379884,Win the Long War Launch,2,True,Win the Long War,Muscle,—
Facebook,2026-05-22,VIDEO,Cognitive decline is not inevitable. It is a variable.  After 50 the inputs that drive brain performance are the same inputs that drive physical ...,https://www.facebook.com/reel/1329974772607423/,202,1,0,0,0,14.36,4.27,0,0.5,,2026-05-22T13:57:22+0000,2026-05-22,VIDEO,REEL,Cognitive decline is not inevitable. It is a variable.  After 50 the inputs that drive brain performance are the same inputs that drive physical ...,206.0,0.0,14.36,4.27,0.0,0.5,Winner,Study the hook/title and make a follow-up.,202.0,44.0,43.0,0.0,7.0,202.0,0.0,196.0,202.0,3.47,0.98,4.27,1.0,40.0,post_insights+video_insights,posts_attachment,1329974772607423,1099582573243403_122095984881340266,"{""like"": 1}",{},"blue_reels_play_count,post_clicks,post_clicks_by_type,post_impressions_unique,post_reactions_by_type_total,post_total_media_view_unique,post_video_avg_time_watched,post_video_complete_views_30s,post_video_complete_views_30s_unique,post_video_view_time,post_video_views,post_video_views_15s,post_video_views_unique","{""blue_reels_play_count"": 202, ""post_video_view_time"": 861784, ""post_video_avg_time_watched"": 4266, ""post_impressions_unique"": 206, ""post_reactions_by_type_total"": {""like"": 1}, ""post_clicks"": 0, ""post_clicks_by_type"": {}, ""post_video_views"": 44, ""post_video_views_unique"": 43, ""post_video_views_15s"": 7, ""post_total_media_view_unique"": 196, ""post_video_complete_views_30s"": 3, ""post_video_complete_views_30s_unique"": 2}",,,,,,,,https://www.facebook.com/reel/1329974772607423,AI After 50 Launch,4,True,AI After 50,Cognition,—
FB-Image-PrehistoricMemories,2026-05-22,IMAGE,The calcium in your bones was forged inside a dying star. The iron in your blood came from a supernova explosion billion...,https://www.facebook.com/122100168117336301/posts/122097669435336301,200,5,0,1,0,0.0,0.0,0,2.5,,,,,,,200.0,7.0,,,,,"Winner, Promising",Study the hook/title and make a follow-up. Good engagement; test a stronger hook or repost angle.,,,,,,,,,,,,,5.0,,,,,,,,,,Prehistoric Memories,PM-FB-01,Cosmic Origins,"Stardust — calcium, iron, carbon forged in dying stars",2026-05-22,2.5,https://www.facebook.com/122100168117336301/posts/122097669435336301,https://www.facebook.com/permalink/122097669435336301,—,—,,Prehistoric Memories,—,—
Facebook,2026-05-27,VIDEO,The Romans didn't build an empire on motivation. Ordinary men. Extraordinary structure. 7 pillars from Roman military science applied to men over...,https://www.facebook.com/reel/1350116453883847/,197,3,0,0,0,21.39,6.51,0,1.52,,2026-05-27T21:29:35+0000,2026-05-27,VIDEO,REEL,The Romans didn't build an empire on motivation. Ordinary men. Extraordinary structure. 7 pillars from Roman military science applied to men over...,196.0,0.0,21.39,6.51,0.0,1.52,Winner,Study the hook/title and make a follow-up.,197.0,90.0,89.0,0.0,26.0,197.0,0.0,194.0,197.0,13.2,1.01,6.51,3.0,38.0,post_insights+video_insights,posts_attachment,1350116453883847,1099582573243403_122099368635340266,"{""like"": 3}",{},"blue_reels_play_count,post_clicks,post_clicks_by_type,post_impressions_unique,post_reactions_by_type_total,post_total_media_view_unique,post_video_avg_time_watched,post_video_complete_views_30s,post_video_complete_views_30s_unique,post_video_view_time,post_video_views,post_video_views_15s,post_video_views_unique","{""blue_reels_play_count"": 197, ""post_video_view_time"": 1283572, ""post_video_avg_time_watched"": 6515, ""post_impressions_unique"": 196, ""post_reactions_by_type_total"": {""like"": 3}, ""post_clicks"": 0, ""post_clicks_by_type"": {}, ""post_video_views"": 90, ""post_video_views_unique"": 89, ""post_video_views_15s"": 26, ""post_total_media_view_unique"": 194, ""post_video_complete_views_30s"": 12, ""post_video_complete_views_30s_unique"": 12}",,,,,,,,https://www.facebook.com/reel/1350116453883847,Roman Protocol Launch,1,True,The Roman Protocol,System,—
Facebook,2026-05-21,VIDEO,"After 50, sleep is not rest. It is the protocol.  HGH releases during deep sleep. Testosterone restores during sleep. Memory consolidates during ...",https://www.facebook.com/reel/971178662197004/,192,0,0,0,0,10.75,3.36,0,0.0,,2026-05-21T13:44:09+0000,2026-05-21,VIDEO,REEL,"After 50, sleep is not rest. It is the protocol.  HGH releases during deep sleep. Testosterone restores during sleep. Memory consolidates during ...",184.0,0.0,10.75,3.36,0.0,0.0,Winner,Study the hook/title and make a follow-up.,192.0,35.0,30.0,0.0,5.0,192.0,0.0,181.0,192.0,2.6,1.04,3.36,0.0,38.0,post_insights+video_insights,posts_attachment,971178662197004,1099582573243403_122095255041340266,{},{},"blue_reels_play_count,post_clicks,post_clicks_by_type,post_impressions_unique,post_reactions_by_type_total,post_total_media_view_unique,post_video_avg_time_watched,post_video_complete_views_30s,post_video_complete_views_30s_unique,post_video_view_time,post_video_views,post_video_views_15s,post_video_views_unique","{""blue_reels_play_count"": 192, ""post_video_view_time"": 645245, ""post_video_avg_time_watched"": 3360, ""post_impressions_unique"": 184, ""post_reactions_by_type_total"": {}, ""post_clicks"": 0, ""post_clicks_by_type"": {}, ""post_video_views"": 35, ""post_video_views_unique"": 30, ""post_video_views_15s"": 5, ""post_total_media_view_unique"": 181, ""post_video_complete_views_30s"": 2, ""post_video_complete_views_30s_unique"": 1}",,,,,,,,https://www.facebook.com/reel/971178662197004,AI After 50 Launch,3,True,AI After 50,Sleep,—
Instagram-WB,2026-05-27,REELS,"In 2013, scientists showed mice passed fear to offspring. Fear of a scent they had never encountered.  Not a dream. Not a memory. Something older...",https://www.instagram.com/reel/DY2uMuoIQAn/,187,1,0,0,0,0.0,0.0,0,0.53,,,,,,,,,,,,,Winner,Study the hook/title and make a follow-up.,,,,,,,,,,,,,,,,,,,,,,,,,,,,,,https://www.instagram.com/reel/DY2uMuoIQAn,What the Blood Knows Launch,1,True,What the Blood Knows,Hook,—
FB-Image-PrehistoricMemories,2026-05-22,IMAGE,"Around 70,000 years ago, a small group of Homo sapiens left Africa. We don't know exactly why. Climate shift. Resource p...",https://www.facebook.com/122100168117336301/posts/122097670617336301,155,1,0,0,0,0.0,0.0,0,0.65,,,,,,,155.0,5.0,,,,,Winner,Study the hook/title and make a follow-up.,,,,,,,,,,,,,1.0,,,,,,,,,,Prehistoric Memories,PM-FB-01,Human Origins,Out of Africa — the migration that made all of us,2026-05-22,0.65,https://www.facebook.com/122100168117336301/posts/122097670617336301,https://www.facebook.com/permalink/122097670617336301,—,—,,Prehistoric Memories,—,—
YouTube,2026-05-22,VIDEO,Use AI To Stress-Test Your Retirement Plan After 50 | AI After 50,https://www.youtube.com/watch?v=BmBAcXD61Uk,150,0,0,0,0,4.0,11.0,0,0.0,Will Power Protocols,,,,,,,,,,,,"Winner, Repurpose Candidate",Study the hook/title and make a follow-up. Turn this Short into an Instagram Reel.,,,,,,,,,,,,,,,,,,,,,,,,,,,,,,https://www.youtube.com/watch?v=BmBAcXD61Uk,AI After 50 Launch,5,True,AI After 50,Financial,—
YouTube,2026-05-16,VIDEO,Why Men Over 50 Can't Afford Bad Sleep|Win the Long War #neverstop #longevityafter50 #over50fitness,https://www.youtube.com/watch?v=QvActf-jq8Q,145,4,0,3,0,23.0,20.0,1,4.83,Will Power Protocols,,,,,,,,,,,,"Winner, Watch-Time Winner, Promising, Repurpose Candidate",Study the hook/title and make a follow-up. This generated real watch time; create a deeper version. Good engagement; test a stronger hook or repost angle. Turn this Short into an Instagram Reel.,,,,,,,,,,,,,,,,,,,,,,,,,,,,,,https://www.youtube.com/watch?v=QvActf-jq8Q,Win the Long War Launch,1,True,Win the Long War,Sleep,—
Facebook,2026-05-29,VIDEO,Luteal phase + Athena weight = you overheat faster. Your cycle raises resting core temp before racing. Athena weight means less favorable heat ra...,https://www.facebook.com/reel/1522067329447158/,141,0,0,0,0,22.14,9.42,0,0.0,,2026-05-29T09:26:34+0000,2026-05-29,VIDEO,REEL,Luteal phase + Athena weight = you overheat faster. Your cycle raises resting core temp before racing. Athena weight means less favorable heat ra...,139.0,0.0,22.14,9.42,0.0,0.0,Winner,Study the hook/title and make a follow-up.,141.0,38.0,37.0,0.0,3.0,141.0,0.0,137.0,141.0,2.13,1.01,9.42,0.0,36.0,post_insights+video_insights,posts_attachment,1522067329447158,1099582573243403_122100457773340266,{},{},"blue_reels_play_count,post_clicks,post_clicks_by_type,post_impressions_unique,post_reactions_by_type_total,post_total_media_view_unique,post_video_avg_time_watched,post_video_complete_views_30s,post_video_complete_views_30s_unique,post_video_view_time,post_video_views,post_video_views_15s,post_video_views_unique","{""blue_reels_play_count"": 141, ""post_video_view_time"": 1328378, ""post_video_avg_time_watched"": 9421, ""post_impressions_unique"": 139, ""post_reactions_by_type_total"": {}, ""post_clicks"": 0, ""post_clicks_by_type"": {}, ""post_video_views"": 38, ""post_video_views_unique"": 37, ""post_video_views_15s"": 3, ""post_total_media_view_unique"": 137, ""post_video_complete_views_30s"": 2, ""post_video_complete_views_30s_unique"": 2}",,,,,,,,https://www.facebook.com/reel/1522067329447158,Athena Protocol Launch,2,True,The Athena Protocol,Heat,—
YouTube,2026-05-29,VIDEO,Why Athena Athletes Overheat Faster — The Hormone-Heat Link | Athena Protocol,https://www.youtube.com/watch?v=AjKi0drenVI,141,0,0,0,0,0.0,0.0,0,0.0,Will Power Protocols,,,,,,,,,,,,Winner,Study the hook/title and make a follow-up.,,,,,,,,,,,,,,,,,,,,,,,,,,,,,,https://www.youtube.com/watch?v=AjKi0drenVI,Athena Protocol Launch,2,True,The Athena Protocol,Heat,—
Instagram,2026-04-18,REELS,You are doing everything right. Here is the one variable destroying your results. Sleep is not recovery. Sleep is the protocol. After 50 your cor...,https://www.instagram.com/reel/DXRBmUiDl14/,135,0,0,0,0,0.0,0.0,0,0.0,,,,,,,,,,,,,"Winner, Repurpose Candidate",Study the hook/title and make a follow-up. Turn this Reel into a YouTube Short.,,,,,,,,,,,,,,,,,,,,,,,,,,,,,,https://www.instagram.com/reel/DXRBmUiDl14,Win the Long War Launch - OldVideo,8,True,Win the Long War,Sleep,—
Facebook,2026-05-26,VIDEO,"Most nutrition plans assume 135 lbs. The math fails you twice — once for your body size, once for your sex. Women burn 130 cal/mile at 185 lbs. P...",https://www.facebook.com/reel/1255188883360661/,132,0,0,0,0,6.46,2.94,0,0.0,,2026-05-26T18:12:46+0000,2026-05-26,VIDEO,REEL,"Most nutrition plans assume 135 lbs. The math fails you twice — once for your body size, once for your sex. Women burn 130 cal/mile at 185 lbs. P...",128.0,0.0,6.46,2.94,0.0,0.0,Winner,Study the hook/title and make a follow-up.,132.0,27.0,24.0,0.0,3.0,132.0,0.0,125.0,132.0,2.27,1.03,2.94,0.0,45.0,post_insights+video_insights,posts_attachment,1255188883360661,1099582573243403_122098554873340266,{},{},"blue_reels_play_count,post_clicks,post_clicks_by_type,post_impressions_unique,post_reactions_by_type_total,post_total_media_view_unique,post_video_avg_time_watched,post_video_complete_views_30s,post_video_complete_views_30s_unique,post_video_view_time,post_video_views,post_video_views_15s,post_video_views_unique","{""blue_reels_play_count"": 132, ""post_video_view_time"": 387713, ""post_video_avg_time_watched"": 2937, ""post_impressions_unique"": 128, ""post_reactions_by_type_total"": {}, ""post_clicks"": 0, ""post_clicks_by_type"": {}, ""post_video_views"": 27, ""post_video_views_unique"": 24, ""post_video_views_15s"": 3, ""post_total_media_view_unique"": 125, ""post_video_complete_views_30s"": 1, ""post_video_complete_views_30s_unique"": 1}",,,,,,,,https://www.facebook.com/reel/1255188883360661,Athena Protocol Launch,1,True,The Athena Protocol,Fueling,—
YouTube,2026-05-27,VIDEO,Your Fueling Plan Is Wrong If You Weigh Over 200 lbs | The Clydesdale Protocol,https://www.youtube.com/watch?v=D3KDiRCiDT0,128,1,0,0,0,7.0,22.0,0,0.78,Will Power Protocols,,,,,,,,,,,,"Winner, Watch-Time Winner, Repurpose Candidate",Study the hook/title and make a follow-up. This generated real watch time; create a deeper version. Turn this Short into an Instagram Reel.,,,,,,,,,,,,,,,,,,,,,,,,,,,,,,https://www.youtube.com/watch?v=D3KDiRCiDT0,Clydesdale Protocol Launch,1,True,The Clydesdale Protocol,Fueling,—
Facebook,2026-05-29,VIDEO,"Marcus Aurelius ran a morning protocol 2,000 years ago. 3 minutes. Write what you'll do, where, when, and the obstacle you expect. Implementation...",https://www.facebook.com/reel/921819330886653/,127,1,0,0,0,12.8,6.09,0,0.79,,2026-05-29T15:03:16+0000,2026-05-29,VIDEO,REEL,"Marcus Aurelius ran a morning protocol 2,000 years ago. 3 minutes. Write what you'll do, where, when, and the obstacle you expect. Implementation...",127.0,0.0,12.8,6.09,0.0,0.79,Watch,Keep collecting data.,127.0,37.0,37.0,0.0,7.0,127.0,0.0,124.0,127.0,5.51,1.0,6.09,1.0,37.0,post_insights+video_insights,posts_attachment,921819330886653,1099582573243403_122100695109340266,"{""like"": 1}",{},"blue_reels_play_count,post_clicks,post_clicks_by_type,post_impressions_unique,post_reactions_by_type_total,post_total_media_view_unique,post_video_avg_time_watched,post_video_complete_views_30s,post_video_complete_views_30s_unique,post_video_view_time,post_video_views,post_video_views_15s,post_video_views_unique","{""blue_reels_play_count"": 127, ""post_video_view_time"": 767974, ""post_video_avg_time_watched"": 6095, ""post_impressions_unique"": 127, ""post_reactions_by_type_total"": {""like"": 1}, ""post_clicks"": 0, ""post_clicks_by_type"": {}, ""post_video_views"": 37, ""post_video_views_unique"": 37, ""post_video_views_15s"": 7, ""post_total_media_view_unique"": 124, ""post_video_complete_views_30s"": 5, ""post_video_complete_views_30s_unique"": 5}",,,,,,,,https://www.facebook.com/reel/921819330886653,Roman Protocol Launch,3,True,The Roman Protocol,Mindset,—
Instagram,2026-05-16,REELS,"Men over 50 don't need less sleep. They're just getting less.  Poor sleep after 50 disrupts testosterone, impairs muscle recovery, raises cortiso...",https://www.instagram.com/reel/DYaRg89MvN8/,127,1,1,0,0,0.0,0.0,0,1.57,,,,,,,,,,,,,Promising,Good engagement; test a stronger hook or repost angle.,,,,,,,,,,,,,,,,,,,,,,,,,,,,,,https://www.instagram.com/reel/DYaRg89MvN8,Win the Long War Launch,1,True,Win the Long War,Sleep,—
Facebook,2026-05-27,VIDEO,Most nutrition plans assume 165 lbs. You're not 165 lbs.  At 240 lbs you burn 151 calories per mile — not the 97 standard plans assume. That's 70...,https://www.facebook.com/reel/1466332614784982/,127,0,0,0,0,11.3,5.34,0,0.0,,2026-05-27T08:58:44+0000,2026-05-27,VIDEO,REEL,Most nutrition plans assume 165 lbs. You're not 165 lbs.  At 240 lbs you burn 151 calories per mile — not the 97 standard plans assume. That's 70...,125.0,0.0,11.3,5.34,0.0,0.0,Watch,Keep collecting data.,127.0,42.0,39.0,0.0,12.0,127.0,0.0,121.0,127.0,9.45,1.02,5.34,0.0,46.0,post_insights+video_insights,posts_attachment,1466332614784982,1099582573243403_122098931931340266,{},{},"blue_reels_play_count,post_clicks,post_clicks_by_type,post_impressions_unique,post_reactions_by_type_total,post_total_media_view_unique,post_video_avg_time_watched,post_video_complete_views_30s,post_video_complete_views_30s_unique,post_video_view_time,post_video_views,post_video_views_15s,post_video_views_unique","{""blue_reels_play_count"": 127, ""post_video_view_time"": 677954, ""post_video_avg_time_watched"": 5338, ""post_impressions_unique"": 125, ""post_reactions_by_type_total"": {}, ""post_clicks"": 0, ""post_clicks_by_type"": {}, ""post_video_views"": 42, ""post_video_views_unique"": 39, ""post_video_views_15s"": 12, ""post_total_media_view_unique"": 121, ""post_video_complete_views_30s"": 4, ""post_video_complete_views_30s_unique"": 4}",,,,,,,,https://www.facebook.com/reel/1466332614784982,Clydesdale Protocol Launch,1,True,The Clydesdale Protocol,Fueling,—
Facebook,2026-05-27,VIDEO,Menopause doesn't just affect hormones. It attacks your sleep.  Hot flashes fragment deep sleep. Night sweats cause micro-arousals. Estrogen decl...,https://www.facebook.com/reel/1404160878424270/,124,0,0,0,0,6.47,3.13,0,0.0,,2026-05-27T21:38:42+0000,2026-05-27,VIDEO,REEL,Menopause doesn't just affect hormones. It attacks your sleep.  Hot flashes fragment deep sleep. Night sweats cause micro-arousals. Estrogen decl...,121.0,0.0,6.47,3.13,0.0,0.0,Watch,Keep collecting data.,124.0,37.0,35.0,0.0,3.0,124.0,0.0,119.0,124.0,2.42,1.02,3.13,0.0,47.0,post_insights+video_insights,posts_attachment,1404160878424270,1099582573243403_122099371587340266,{},{},"blue_reels_play_count,post_clicks,post_clicks_by_type,post_impressions_unique,post_reactions_by_type_total,post_total_media_view_unique,post_video_avg_time_watched,post_video_complete_views_30s,post_video_complete_views_30s_unique,post_video_view_time,post_video_views,post_video_views_15s,post_video_views_unique","{""blue_reels_play_count"": 124, ""post_video_view_time"": 388462, ""post_video_avg_time_watched"": 3132, ""post_impressions_unique"": 121, ""post_reactions_by_type_total"": {}, ""post_clicks"": 0, ""post_clicks_by_type"": {}, ""post_video_views"": 37, ""post_video_views_unique"": 35, ""post_video_views_15s"": 3, ""post_total_media_view_unique"": 119, ""post_video_complete_views_30s"": 1, ""post_video_complete_views_30s_unique"": 1}",,,,,,,,https://www.facebook.com/reel/1404160878424270,Women's Edition Launch,1,True,Win the Long War Women's Edition,Sleep,—
Facebook,2026-05-21,VIDEO,I dropped my cholesterol 75 points. No medication.  Zone 2 cardio 4x/week raises HDL directly. Soluble fiber binds and removes LDL. Resistance tr...,https://www.facebook.com/reel/1673932450479236/,123,0,0,0,0,8.68,4.24,0,0.0,,2026-05-21T20:19:28+0000,2026-05-21,VIDEO,REEL,I dropped my cholesterol 75 points. No medication.  Zone 2 cardio 4x/week raises HDL directly. Soluble fiber binds and removes LDL. Resistance tr...,120.0,0.0,8.68,4.24,0.0,0.0,Watch,Keep collecting data.,123.0,27.0,23.0,0.0,4.0,123.0,0.0,116.0,123.0,3.25,1.02,4.24,0.0,44.0,post_insights+video_insights,posts_attachment,1673932450479236,1099582573243403_122095488771340266,{},{},"blue_reels_play_count,post_clicks,post_clicks_by_type,post_impressions_unique,post_reactions_by_type_total,post_total_media_view_unique,post_video_avg_time_watched,post_video_complete_views_30s,post_video_complete_views_30s_unique,post_video_view_time,post_video_views,post_video_views_15s,post_video_views_unique","{""blue_reels_play_count"": 123, ""post_video_view_time"": 521083, ""post_video_avg_time_watched"": 4236, ""post_impressions_unique"": 120, ""post_reactions_by_type_total"": {}, ""post_clicks"": 0, ""post_clicks_by_type"": {}, ""post_video_views"": 27, ""post_video_views_unique"": 23, ""post_video_views_15s"": 4, ""post_total_media_view_unique"": 116, ""post_video_complete_views_30s"": 3, ""post_video_complete_views_30s_unique"": 2}",,,,,,,,https://www.facebook.com/reel/1673932450479236,Win the Long War Launch,3,True,Win the Long War,Cholesterol,—
Instagram,2026-05-16,REELS,"After 50: 3–5% muscle loss per decade. After 60: it accelerates.  Muscle is not vanity. It is metabolic armor. It regulates blood sugar, protects...",https://www.instagram.com/reel/DYaX5hfB4Q1/,123,1,1,0,0,0.0,0.0,0,1.63,,,,,,,,,,,,,Promising,Good engagement; test a stronger hook or repost angle.,,,,,,,,,,,,,,,,,,,,,,,,,,,,,,https://www.instagram.com/reel/DYaX5hfB4Q1,Win the Long War Launch,2,True,Win the Long War,Muscle,—
YouTube,2026-05-19,VIDEO,Why Discipline Alone Fails After 50 — The System That Works | Win the Long War,https://www.youtube.com/watch?v=latZ4Bu3zCw,119,0,0,1,0,12.0,36.0,0,0.84,Will Power Protocols,,,,,,,,,,,,"Sticky, Watch-Time Winner, Repurpose Candidate",Audience watched longer than usual; expand this topic. This generated real watch time; create a deeper version. Turn this Short into an Instagram Reel.,,,,,,,,,,,,,,,,,,,,,,,,,,,,,,https://www.youtube.com/watch?v=latZ4Bu3zCw,Win the Long War Launch,4,True,Win the Long War,Zone 2,—
Instagram,2026-04-20,REELS,Growth hormone repairs your muscle while you sleep. After 50 it plummets. And most men are getting six hours and calling it fine. You are trainin...,https://www.instagram.com/reel/DXWRExijnsW/,118,0,0,0,0,0.0,0.0,0,0.0,,,,,,,,,,,,,Watch,Keep collecting data.,,,,,,,,,,,,,,,,,,,,,,,,,,,,,,https://www.instagram.com/reel/DXWRExijnsW,—,—,,—,—,—
Instagram,2026-05-18,REELS,Zone 2 dropped my resting heart rate from 59 to 36.  Not racing. Zone 2. Four times per week. The pace where you can hold a conversation but not ...,https://www.instagram.com/reel/DYfc3hjlEyw/,113,1,0,0,0,0.0,0.0,0,0.88,,,,,,,,,,,,,Watch,Keep collecting data.,,,,,,,,,,,,,,,,,,,,,,,,,,,,,,https://www.instagram.com/reel/DYfc3hjlEyw,Win the Long War Launch,4,True,Win the Long War,Zone 2,—
Instagram,2026-05-18,REELS,"I dropped my cholesterol 75 points. No medication.  Cholesterol numbers are not a verdict. They are a variable. Dietary changes, Zone 2 training,...",https://www.instagram.com/reel/DYfEU2rMDUs/,111,1,0,0,0,0.0,0.0,0,0.9,,,,,,,,,,,,,Watch,Keep collecting data.,,,,,,,,,,,,,,,,,,,,,,,,,,,,,,https://www.instagram.com/reel/DYfEU2rMDUs,Win the Long War Launch,3,True,Win the Long War,Cholesterol,—
YouTube,2026-05-26,VIDEO,Why Nutrition Plans Fail Athena Athletes Twice | The Athena Protocol,https://www.youtube.com/watch?v=57MerdsCFtU,105,0,0,0,0,4.0,11.0,0,0.0,Will Power Protocols,,,,,,,,,,,,Repurpose Candidate,Turn this Short into an Instagram Reel.,,,,,,,,,,,,,,,,,,,,,,,,,,,,,,https://www.youtube.com/watch?v=57MerdsCFtU,Athena Protocol Launch,1,True,The Athena Protocol,Fueling,—
Instagram,2026-05-26,REELS,Most nutrition plans assume 135 lbs. The math fails you twice.  Once for your body size. Once for your sex. Women oxidize fat at a higher rate th...,https://www.instagram.com/reel/DYz7rDfp8hG/,101,2,0,0,0,0.0,0.0,0,1.98,,,,,,,,,,,,,Promising,Good engagement; test a stronger hook or repost angle.,,,,,,,,,,,,,,,,,,,,,,,,,,,,,,https://www.instagram.com/reel/DYz7rDfp8hG,Athena Protocol Launch,1,True,The Athena Protocol,Fueling,—
FB-Image-PrehistoricMemories,2026-05-22,IMAGE,What if the asteroid had missed? Paleontologist Dale Russell proposed that Troodon formosus — one of the most intelligen...,https://www.facebook.com/122100168117336301/posts/122097665397336301,95,3,0,0,0,0.0,0.0,0,3.16,,,,,,,95.0,0.0,,,,,Promising,Good engagement; test a stronger hook or repost angle.,,,,,,,,,,,,,3.0,,,,,,,,,,Prehistoric Memories,PM-FB-01,Ancient Life,What if the asteroid had missed? The Dinosauroid,2026-05-22,3.16,https://www.facebook.com/122100168117336301/posts/122097665397336301,https://www.facebook.com/permalink/122097665397336301,—,—,,Prehistoric Memories,—,—
FB-Image-PrehistoricMemories,2026-05-22,IMAGE,"Meet Patagotitan mayorum — the largest animal to ever walk the Earth. At 121 feet long and 76 tons, this titanosaur make...",https://www.facebook.com/122100168117336301/posts/122097629505336301,81,1,0,0,0,0.0,0.0,0,1.23,,,,,,,81.0,6.0,,,,,Watch,Keep collecting data.,,,,,,,,,,,,,1.0,,,,,,,,,,Prehistoric Memories,PM-FB-01,Ancient Life,Patagotitan mayorum — largest animal to walk Earth,2026-05-22,1.23,https://www.facebook.com/122100168117336301/posts/122097629505336301,https://www.facebook.com/permalink/122097629505336301,—,—,,Prehistoric Memories,—,—
FB-Image-PrehistoricMemories,2026-05-22,IMAGE,You may be carrying the DNA of a human species we only discovered in 2010. The Denisovans were identified from a single ...,https://www.facebook.com/122100168117336301/posts/122097630609336301,72,2,1,0,0,0.0,0.0,0,2.78,,,,,,,72.0,9.0,,,,,Promising,Good engagement; test a stronger hook or repost angle.,,,,,,,,,,,,,2.0,,,,,,,,,,Prehistoric Memories,PM-FB-01,Human Origins,Denisovans — ghost species discovered from one finger bone,2026-05-22,2.78,https://www.facebook.com/122100168117336301/posts/122097630609336301,https://www.facebook.com/permalink/122097630609336301,—,—,,Prehistoric Memories,—,—
Instagram,2026-05-27,REELS,Most nutrition plans assume 165 lbs. You're not 165 lbs.  At 240 lbs you burn 151 calories per mile — not the 97 standard plans assume. That's 70...,https://www.instagram.com/reel/DY1hBGRAZLi/,66,1,0,0,0,0.0,0.0,0,1.52,,,,,,,,,,,,,Watch,Keep collecting data.,,,,,,,,,,,,,,,,,,,,,,,,,,,,,,https://www.instagram.com/reel/DY1hBGRAZLi,Clydesdale Protocol Launch,1,True,The Clydesdale Protocol,Fueling,—
Facebook-WB,2026-05-27,VIDEO,"In 2013, scientists showed mice passed fear to offspring — a scent they had never encountered. The mechanism is not understood. The phenomenon is...",https://www.facebook.com/reel/967576302579880/,63,0,0,0,0,5.74,5.47,0,0.0,,2026-05-27T20:04:12+0000,2026-05-27,VIDEO,REEL,"In 2013, scientists showed mice passed fear to offspring — a scent they had never encountered. The mechanism is not understood. The phenomenon is...",60.0,0.0,5.74,5.47,0.0,0.0,Watch,Keep collecting data.,63.0,34.0,32.0,0.0,4.0,63.0,0.0,59.0,63.0,6.35,1.05,5.47,0.0,38.0,post_insights+video_insights,posts_attachment,967576302579880,1139610515899648_122100299595338188,{},{},"blue_reels_play_count,post_clicks,post_clicks_by_type,post_impressions_unique,post_reactions_by_type_total,post_total_media_view_unique,post_video_avg_time_watched,post_video_complete_views_30s,post_video_complete_views_30s_unique,post_video_view_time,post_video_views,post_video_views_15s,post_video_views_unique","{""blue_reels_play_count"": 63, ""post_video_view_time"": 344499, ""post_video_avg_time_watched"": 5468, ""post_impressions_unique"": 60, ""post_reactions_by_type_total"": {}, ""post_clicks"": 0, ""post_clicks_by_type"": {}, ""post_video_views"": 34, ""post_video_views_unique"": 32, ""post_video_views_15s"": 4, ""post_total_media_view_unique"": 59, ""post_video_complete_views_30s"": 2, ""post_video_complete_views_30s_unique"": 2}",,,,,,,,https://www.facebook.com/reel/967576302579880,What the Blood Knows Launch,1,True,What the Blood Knows,Hook,—
Instagram,2026-05-19,REELS,Discipline without a system is suffering in the wrong direction.  After 300 races and 40 years it comes down to 7 non-negotiables. Sleep. Fuel. M...,https://www.instagram.com/reel/DYh_aXNA69o/,58,1,0,0,0,0.0,0.0,0,1.72,,,,,,,,,,,,,Promising,Good engagement; test a stronger hook or repost angle.,,,,,,,,,,,,,,,,,,,,,,,,,,,,,,https://www.instagram.com/reel/DYh_aXNA69o,Win the Long War Launch,5,True,Win the Long War,System,—
Facebook,2026-05-22,VIDEO,Most health protocols for men over 50 were built for someone younger. This one wasn't.  Two AI hosts break down the complete Win the Long War pro...,https://www.facebook.com/reel/1702505980748269/,38,0,0,0,0,5.08,8.03,0,0.0,,2026-05-22T08:02:23+0000,2026-05-22,VIDEO,REEL,Most health protocols for men over 50 were built for someone younger. This one wasn't.  Two AI hosts break down the complete Win the Long War pro...,25.0,0.0,5.08,8.03,0.0,0.0,Watch,Keep collecting data.,38.0,15.0,11.0,0.0,2.0,38.0,0.0,32.0,38.0,5.26,1.52,8.03,0.0,514.0,post_insights+video_insights,posts_attachment,1702505980748269,1099582573243403_122095816941340266,{},{},"blue_reels_play_count,post_clicks,post_clicks_by_type,post_impressions_unique,post_reactions_by_type_total,post_total_media_view_unique,post_video_avg_time_watched,post_video_complete_views_30s,post_video_complete_views_30s_unique,post_video_view_time,post_video_views,post_video_views_15s,post_video_views_unique","{""blue_reels_play_count"": 38, ""post_video_view_time"": 305087, ""post_video_avg_time_watched"": 8028, ""post_impressions_unique"": 25, ""post_reactions_by_type_total"": {}, ""post_clicks"": 0, ""post_clicks_by_type"": {}, ""post_video_views"": 15, ""post_video_views_unique"": 11, ""post_video_views_15s"": 2, ""post_total_media_view_unique"": 32, ""post_video_complete_views_30s"": 2, ""post_video_complete_views_30s_unique"": 1}",,,,,,,,https://www.facebook.com/reel/1702505980748269,Win the Long War Launch,—,False,Win the Long War,Full Book Overview,—
Instagram-WB,2026-05-24,FEED,The Library of Alexandria didn't burn in a single catastrophic night.  The story most people know — Julius Caesar's fire in 48 BC — destroyed som...,https://www.instagram.com/p/DYuTmwyFqTC/,33,2,0,0,0,0.0,0.0,0,6.06,,,,,,,,,,,,,Promising,Good engagement; test a stronger hook or repost angle.,,,,,,,,,,,,,,,,,,,,,,,,,,,,,,https://www.instagram.com/reel/DYuTmwyFqTC,—,—,True,Prehistoric Memories,Lost & Forgotten,—
Instagram,2026-04-14,REELS,I end every message with two words. Here is what they actually mean. Battle Hard is not about suffering. It is about showing up every single day....,https://www.instagram.com/reel/DXIE6lEkevS/,33,0,0,0,0,0.0,0.0,0,0.0,,,,,,,,,,,,,Watch,Keep collecting data.,,,,,,,,,,,,,,,,,,,,,,,,,,,,,,https://www.instagram.com/reel/DXIE6lEkevS,Win the Long War Launch - OldVideo,6,True,Win the Long War,Mindset,—
Instagram-WB,2026-05-24,FEED,"Everyone knows Megalodon. Fewer people know what ruled the seas before it.  Mosasaurus — a 57-foot marine lizard, not a fish, not a dinosaur — do...",https://www.instagram.com/p/DYuRzlslkSj/,32,2,0,0,0,0.0,0.0,0,6.25,,,,,,,,,,,,,Promising,Good engagement; test a stronger hook or repost angle.,,,,,,,,,,,,,,,,,,,,,,,,,,,,,,https://www.instagram.com/reel/DYuRzlslkSj,—,—,True,Prehistoric Memories,Ancient Life,—
Instagram-WB,2026-05-24,FEED,One sperm out of 500 million made it through. Whether by design or chance — that was you.  And before that: your parents had to meet. Their paren...,https://www.instagram.com/p/DYuU4Cxlof_/,29,2,0,0,0,0.0,0.0,0,6.9,,,,,,,,,,,,,Promising,Good engagement; test a stronger hook or repost angle.,,,,,,,,,,,,,,,,,,,,,,,,,,,,,,https://www.instagram.com/reel/DYuU4Cxlof_,—,—,True,Prehistoric Memories,Human Origins,—
Instagram-WB,2026-05-25,FEED,"Around 70,000 years ago the Toba supervolcano erupted in what is now Sumatra.  It was the largest volcanic eruption in the last 2 million years. ...",https://www.instagram.com/p/DYxFDn8kj59/,24,0,0,0,0,0.0,0.0,0,0.0,,,,,,,,,,,,,Watch,Keep collecting data.,,,,,,,,,,,,,,,,,,,,,,,,,,,,,,https://www.instagram.com/reel/DYxFDn8kj59,—,—,True,Prehistoric Memories,Human Origins,—
YouTube,2026-05-18,VIDEO,How I Dropped My Cholesterol 75 Points Without Medication | Win the Long War,https://www.youtube.com/watch?v=U8LIilIaB2U,22,0,0,2,0,2.0,16.0,0,9.09,Will Power Protocols,,,,,,,,,,,,"Promising, Repurpose Candidate",Good engagement; test a stronger hook or repost angle. Turn this Short into an Instagram Reel.,,,,,,,,,,,,,,,,,,,,,,,,,,,,,,https://www.youtube.com/watch?v=U8LIilIaB2U,Win the Long War Launch,3,True,Win the Long War,Cholesterol,—
Facebook,2026-05-28,VIDEO,"Roman Legionaries marched 20 miles/day — Zone 2. Most researched longevity intervention in exercise science, codified 2,000 years ago. 4x/week. 4...",https://www.facebook.com/reel/953045084269924/,20,0,0,0,0,2.79,8.36,0,0.0,,2026-05-28T15:15:06+0000,2026-05-28,VIDEO,REEL,"Roman Legionaries marched 20 miles/day — Zone 2. Most researched longevity intervention in exercise science, codified 2,000 years ago. 4x/week. 4...",15.0,0.0,2.79,8.36,0.0,0.0,Watch,Keep collecting data.,20.0,7.0,4.0,0.0,4.0,20.0,0.0,13.0,20.0,20.0,1.33,8.36,0.0,41.0,post_insights+video_insights,posts_attachment,953045084269924,1099582573243403_122099835825340266,{},{},"blue_reels_play_count,post_clicks,post_clicks_by_type,post_impressions_unique,post_reactions_by_type_total,post_total_media_view_unique,post_video_avg_time_watched,post_video_complete_views_30s,post_video_complete_views_30s_unique,post_video_view_time,post_video_views,post_video_views_15s,post_video_views_unique","{""blue_reels_play_count"": 20, ""post_video_view_time"": 167243, ""post_video_avg_time_watched"": 8362, ""post_impressions_unique"": 15, ""post_reactions_by_type_total"": {}, ""post_clicks"": 0, ""post_clicks_by_type"": {}, ""post_video_views"": 7, ""post_video_views_unique"": 4, ""post_video_views_15s"": 4, ""post_total_media_view_unique"": 13, ""post_video_complete_views_30s"": 2, ""post_video_complete_views_30s_unique"": 2}",,,,,,,,https://www.facebook.com/reel/953045084269924,Roman Protocol Launch,2,True,The Roman Protocol,Zone 2,—
Instagram-WB,2026-05-26,FEED,There are an estimated 2 trillion galaxies in the observable universe.  The Milky Way alone contains 100 to 400 billion stars. A significant frac...,https://www.instagram.com/p/DYzqa3WlI64/,14,1,0,0,0,0.0,0.0,0,7.14,,,,,,,,,,,,,Promising,Good engagement; test a stronger hook or repost angle.,,,,,,,,,,,,,,,,,,,,,,,,,,,,,,https://www.instagram.com/reel/DYzqa3WlI64,—,—,True,Prehistoric Memories,Cosmic Origins,—
Instagram-WB,2026-05-27,FEED,"What your ancestors experienced may still live inside you.  Not as memory. As biology.  Epigenetics is the study of how experiences — famine, str...",https://www.instagram.com/p/DY2QBBJFPxx/,13,2,0,0,0,0.0,0.0,0,15.38,,,,,,,,,,,,,Promising,Good engagement; test a stronger hook or repost angle.,,,,,,,,,,,,,,,,,,,,,,,,,,,,,,https://www.instagram.com/reel/DY2QBBJFPxx,—,—,True,Prehistoric Memories,Human Origins,—
YouTube,2026-05-16,VIDEO,The Silent Muscle Crisis After 50 — And How To Stop It | Win the Long War #mobility #getagrip,https://www.youtube.com/watch?v=gICVJCGm3jU,12,0,0,3,0,16.0,249.0,0,25.0,Will Power Protocols,,,,,,,,,,,,"Sticky, Watch-Time Winner, Promising, Repurpose Candidate",Audience watched longer than usual; expand this topic. This generated real watch time; create a deeper version. Good engagement; test a stronger hook or repost angle. Turn this Short into an Instagram Reel.,,,,,,,,,,,,,,,,,,,,,,,,,,,,,,https://www.youtube.com/watch?v=gICVJCGm3jU,Win the Long War Launch,2,True,Win the Long War,Muscle,—
Instagram-WB,2026-05-26,FEED,There is an eighth continent on Earth. We only confirmed it in 2017.  Zealandia — Te Riu-a-Māui — is a landmass roughly the size of India that li...,https://www.instagram.com/p/DY0Q_cLDQbE/,12,1,0,0,0,0.0,0.0,0,8.33,,,,,,,,,,,,,Promising,Good engagement; test a stronger hook or repost angle.,,,,,,,,,,,,,,,,,,,,,,,,,,,,,,https://www.instagram.com/reel/DY0Q_cLDQbE,—,—,True,Prehistoric Memories,Lost & Forgotten,—
Facebook,2026-05-21,VIDEO,Zone 2 dropped my resting heart rate from 59 to 36 beats per minute.  Zone 2 is the single most researched longevity intervention in exercise sci...,https://www.facebook.com/reel/992657277057167/,11,0,0,0,0,2.47,13.49,0,0.0,,2026-05-21T20:20:59+0000,2026-05-21,VIDEO,REEL,Zone 2 dropped my resting heart rate from 59 to 36 beats per minute.  Zone 2 is the single most researched longevity intervention in exercise sci...,2.0,0.0,2.47,13.49,0.0,0.0,Watch,Keep collecting data.,11.0,8.0,1.0,0.0,2.0,11.0,0.0,2.0,11.0,18.18,5.5,13.49,0.0,49.0,post_insights+video_insights,posts_attachment,992657277057167,1099582573243403_122095490355340266,{},{},"blue_reels_play_count,post_clicks,post_clicks_by_type,post_impressions_unique,post_reactions_by_type_total,post_total_media_view_unique,post_video_avg_time_watched,post_video_complete_views_30s,post_video_complete_views_30s_unique,post_video_view_time,post_video_views,post_video_views_15s,post_video_views_unique","{""blue_reels_play_count"": 11, ""post_video_view_time"": 148423, ""post_video_avg_time_watched"": 13493, ""post_impressions_unique"": 2, ""post_reactions_by_type_total"": {}, ""post_clicks"": 0, ""post_clicks_by_type"": {}, ""post_video_views"": 8, ""post_video_views_unique"": 1, ""post_video_views_15s"": 2, ""post_total_media_view_unique"": 2, ""post_video_complete_views_30s"": 2, ""post_video_complete_views_30s_unique"": 1}",,,,,,,,https://www.facebook.com/reel/992657277057167,Win the Long War Launch,4,True,Win the Long War,Zone 2,—
Instagram,2026-05-21,REELS,Your doctor has 14 minutes. Your bloodwork has 60 data points.  Those two facts do not add up. After 50 your panels matter more than ever — testo...,https://www.instagram.com/reel/DYmC4Y0ham4/,10,1,0,0,0,0.0,0.0,0,10.0,,,,,,,,,,,,,Promising,Good engagement; test a stronger hook or repost angle.,,,,,,,,,,,,,,,,,,,,,,,,,,,,,,https://www.instagram.com/reel/DYmC4Y0ham4,AI After 50 Launch,2,True,AI After 50,Bloodwork,—
Facebook,2026-05-21,VIDEO,Discipline without a system is suffering in the wrong direction.  Most men over 50 who want to improve their health already have the discipline. ...,https://www.facebook.com/reel/977116165200552/,9,0,0,0,0,0.92,6.16,0,0.0,,2026-05-21T20:22:57+0000,2026-05-21,VIDEO,REEL,Discipline without a system is suffering in the wrong direction.  Most men over 50 who want to improve their health already have the discipline. ...,6.0,0.0,0.92,6.16,0.0,0.0,Watch,Keep collecting data.,9.0,3.0,1.0,0.0,1.0,9.0,0.0,5.0,9.0,11.11,1.5,6.16,0.0,42.0,post_insights+video_insights,posts_attachment,977116165200552,1099582573243403_122095491885340266,{},{},"blue_reels_play_count,post_clicks,post_clicks_by_type,post_impressions_unique,post_reactions_by_type_total,post_total_media_view_unique,post_video_avg_time_watched,post_video_complete_views_30s,post_video_complete_views_30s_unique,post_video_view_time,post_video_views,post_video_views_15s,post_video_views_unique","{""blue_reels_play_count"": 9, ""post_video_view_time"": 55470, ""post_video_avg_time_watched"": 6163, ""post_impressions_unique"": 6, ""post_reactions_by_type_total"": {}, ""post_clicks"": 0, ""post_clicks_by_type"": {}, ""post_video_views"": 3, ""post_video_views_unique"": 1, ""post_video_views_15s"": 1, ""post_total_media_view_unique"": 5, ""post_video_complete_views_30s"": 1, ""post_video_complete_views_30s_unique"": 1}",,,,,,,,https://www.facebook.com/reel/977116165200552,Win the Long War Launch,5,True,Win the Long War,System,—
YouTube,2026-04-14,VIDEO,I end every message with two words. Here is what they actually mean.,https://www.youtube.com/watch?v=BnqdC9pLdf8,9,0,0,0,0,29.0,592.0,0,0.0,Will Power Protocols,,,,,,,,,,,,"Sticky, Watch-Time Winner, Repurpose Candidate",Audience watched longer than usual; expand this topic. This generated real watch time; create a deeper version. Turn this Short into an Instagram Reel.,,,,,,,,,,,,,,,,,,,,,,,,,,,,,,https://www.youtube.com/watch?v=BnqdC9pLdf8,Win the Long War Launch - OldVideo,6,True,Win the Long War,Mindset,—
Facebook,2026-05-22,VIDEO,"Healthcare in retirement averages $300,000 per couple.  Most retirement calculators don't include that number. Most people don't know their month...",https://www.facebook.com/reel/1724691872235603/,9,0,0,0,0,0.52,3.47,0,0.0,,2026-05-22T14:14:24+0000,2026-05-22,VIDEO,REEL,"Healthcare in retirement averages $300,000 per couple.  Most retirement calculators don't include that number. Most people don't know their month...",4.0,1.0,0.52,3.47,0.0,0.0,Watch,Keep collecting data.,9.0,4.0,1.0,0.0,0.0,9.0,0.0,3.0,9.0,0.0,2.25,3.47,0.0,38.0,post_insights+video_insights,posts_attachment,1724691872235603,1099582573243403_122095993773340266,{},"{""link clicks"": 1}","blue_reels_play_count,post_clicks,post_clicks_by_type,post_impressions_unique,post_reactions_by_type_total,post_total_media_view_unique,post_video_avg_time_watched,post_video_complete_views_30s,post_video_complete_views_30s_unique,post_video_view_time,post_video_views,post_video_views_15s,post_video_views_unique","{""blue_reels_play_count"": 9, ""post_video_view_time"": 31264, ""post_video_avg_time_watched"": 3473, ""post_impressions_unique"": 4, ""post_reactions_by_type_total"": {}, ""post_clicks"": 1, ""post_clicks_by_type"": {""link clicks"": 1}, ""post_video_views"": 4, ""post_video_views_unique"": 1, ""post_video_views_15s"": 0, ""post_total_media_view_unique"": 3, ""post_video_complete_views_30s"": 0, ""post_video_complete_views_30s_unique"": 0}",,,,,,,,https://www.facebook.com/reel/1724691872235603,AI After 50 Launch,5,True,AI After 50,Financial,—
Instagram,2026-05-27,REELS,The Romans didn't build an empire on motivation. They built it on ordinary men and extraordinary structure.  Every legionary followed the same pr...,https://www.instagram.com/reel/DY23Ed9JG8y/,7,1,0,0,0,0.0,0.0,0,14.29,,,,,,,,,,,,,Promising,Good engagement; test a stronger hook or repost angle.,,,,,,,,,,,,,,,,,,,,,,,,,,,,,,https://www.instagram.com/reel/DY23Ed9JG8y,Roman Protocol Launch,1,True,The Roman Protocol,System,—
Instagram,2026-05-27,REELS,Menopause doesn't just affect hormones. It attacks your sleep.  Hot flashes fragment deep sleep. Night sweats cause micro-arousals. Estrogen decl...,https://www.instagram.com/reel/DY24JVvOvZy/,7,1,0,0,0,0.0,0.0,0,14.29,,,,,,,,,,,,,Promising,Good engagement; test a stronger hook or repost angle.,,,,,,,,,,,,,,,,,,,,,,,,,,,,,,https://www.instagram.com/reel/DY24JVvOvZy,Women's Edition Launch,1,True,Win the Long War Women's Edition,Sleep,—
Facebook,2026-05-26,VIDEO,"Standard plans excluded Athena athletes twice — wrong sex, wrong weight. Full protocol breakdown: fueling, heat, training plans, cycle syncing, a...",https://www.facebook.com/reel/1033295572706718/,7,0,0,0,0,0.79,6.75,0,0.0,,2026-05-26T19:43:09+0000,2026-05-26,VIDEO,REEL,"Standard plans excluded Athena athletes twice — wrong sex, wrong weight. Full protocol breakdown: fueling, heat, training plans, cycle syncing, a...",3.0,0.0,0.79,6.75,0.0,0.0,Watch,Keep collecting data.,7.0,3.0,1.0,0.0,0.0,7.0,0.0,1.0,7.0,0.0,2.33,6.75,0.0,549.0,post_insights+video_insights,posts_attachment,1033295572706718,1099582573243403_122098601517340266,{},{},"blue_reels_play_count,post_clicks,post_clicks_by_type,post_impressions_unique,post_reactions_by_type_total,post_total_media_view_unique,post_video_avg_time_watched,post_video_complete_views_30s,post_video_complete_views_30s_unique,post_video_view_time,post_video_views,post_video_views_15s,post_video_views_unique","{""blue_reels_play_count"": 7, ""post_video_view_time"": 47281, ""post_video_avg_time_watched"": 6754, ""post_impressions_unique"": 3, ""post_reactions_by_type_total"": {}, ""post_clicks"": 0, ""post_clicks_by_type"": {}, ""post_video_views"": 3, ""post_video_views_unique"": 1, ""post_video_views_15s"": 0, ""post_total_media_view_unique"": 1, ""post_video_complete_views_30s"": 0, ""post_video_complete_views_30s_unique"": 0}",,,,,,,,https://www.facebook.com/reel/1033295572706718,The Athena Protocol Launch,—,False,The Athena Protocol,Full Book Overview,—
Facebook,2026-05-27,VIDEO,"Standard endurance plans were built for 160 lbs. If you race Clydesdale the math has been wrong every time.  Fueling, heat, volume progression, s...",https://www.facebook.com/reel/1276218117991368/,7,0,0,0,0,0.4,3.41,0,0.0,,2026-05-27T09:55:02+0000,2026-05-27,VIDEO,REEL,"Standard endurance plans were built for 160 lbs. If you race Clydesdale the math has been wrong every time.  Fueling, heat, volume progression, s...",2.0,0.0,0.4,3.41,0.0,0.0,Watch,Keep collecting data.,7.0,2.0,1.0,0.0,0.0,7.0,0.0,1.0,7.0,0.0,3.5,3.41,0.0,522.0,post_insights+video_insights,posts_attachment,1276218117991368,1099582573243403_122098955745340266,{},{},"blue_reels_play_count,post_clicks,post_clicks_by_type,post_impressions_unique,post_reactions_by_type_total,post_total_media_view_unique,post_video_avg_time_watched,post_video_complete_views_30s,post_video_complete_views_30s_unique,post_video_view_time,post_video_views,post_video_views_15s,post_video_views_unique","{""blue_reels_play_count"": 7, ""post_video_view_time"": 23886, ""post_video_avg_time_watched"": 3412, ""post_impressions_unique"": 2, ""post_reactions_by_type_total"": {}, ""post_clicks"": 0, ""post_clicks_by_type"": {}, ""post_video_views"": 2, ""post_video_views_unique"": 1, ""post_video_views_15s"": 0, ""post_total_media_view_unique"": 1, ""post_video_complete_views_30s"": 0, ""post_video_complete_views_30s_unique"": 0}",,,,,,,,https://www.facebook.com/reel/1276218117991368,The Clydesdale Protocol Launch,—,False,The Clydesdale Protocol,Full Book Overview,—
Instagram,2026-05-21,REELS,"After 50, sleep is not rest. It is the protocol.  HGH releases during deep sleep. Testosterone restores during sleep. Memory consolidates during ...",https://www.instagram.com/reel/DYmkgArxKqW/,7,1,0,0,0,0.0,0.0,0,14.29,,,,,,,,,,,,,Promising,Good engagement; test a stronger hook or repost angle.,,,,,,,,,,,,,,,,,,,,,,,,,,,,,,https://www.instagram.com/reel/DYmkgArxKqW,AI After 50 Launch,3,True,AI After 50,Sleep,—
FB-Image-PrehistoricMemories,2026-05-24,IMAGE,One in 500 million made it through. Whether by design  or chance — that was you.  You get roughly 100 years on a planet ...,https://www.facebook.com/122100168117336301/posts/122098629927336301,6,0,0,0,0,0.0,0.0,0,0.0,,,,,,,6.0,0.0,,,,,Watch,Keep collecting data.,,,,,,,,,,,,,0.0,,,,,,,,,,Prehistoric Memories,,—,—,2026-05-24,0.0,https://www.facebook.com/122100168117336301/posts/122098629927336301,https://www.facebook.com/permalink/122098629927336301,—,—,,Prehistoric Memories,—,—
YouTube,2026-04-20,VIDEO,Why Men Over 50 Are Still Exhausted (It's Not Your Training) #battlehard #longevity #mobility,https://www.youtube.com/watch?v=rA-BeZ_q8sE,6,0,0,0,0,0.0,26.0,0,0.0,Will Power Protocols,,,,,,,,,,,,Sticky,Audience watched longer than usual; expand this topic.,,,,,,,,,,,,,,,,,,,,,,,,,,,,,,https://www.youtube.com/watch?v=rA-BeZ_q8sE,Win the Long War Launch - OldVideo,9,True,Win the Long War,Recovery,—
FB-Image-PrehistoricMemories,2026-05-25,IMAGE,"Around 70,000 years ago the Toba supervolcano erupted in what is now Sumatra.  It was the largest volcanic eruption in t...",https://www.facebook.com/122100168117336301/posts/122099641317336301,6,0,0,0,0,0.0,0.0,0,0.0,,,,,,,6.0,0.0,,,,,Watch,Keep collecting data.,,,,,,,,,,,,,0.0,,,,,,,,,,Prehistoric Memories,PM-FB-01,Human Origins,The Human Bottleneck — We Almost Went Extinct,2026-05-24,0.0,https://www.facebook.com/122100168117336301/posts/122099641317336301,https://www.facebook.com/permalink/122099641317336301,—,—,,Prehistoric Memories,—,—
FB-Image-PrehistoricMemories,2026-05-24,IMAGE,One sperm out of 500 million made it through. Whether by design or chance — that was you.  And before that: your parents...,https://www.facebook.com/122100168117336301/posts/122098789011336301,5,0,0,0,0,0.0,0.0,0,0.0,,,,,,,5.0,1.0,,,,,Watch,Keep collecting data.,,,,,,,,,,,,,0.0,,,,,,,,,,Prehistoric Memories,PM-FB-01,Human Origins,The Lottery of Being Born — One in 500 Million,2026-05-24,0.0,https://www.facebook.com/122100168117336301/posts/122098789011336301,https://www.facebook.com/permalink/122098789011336301,—,—,,Prehistoric Memories,—,—
FB-Image-PrehistoricMemories,2026-05-26,IMAGE,There is an eighth continent on Earth. We only confirmed it in 2017.  Zealandia — Te Riu-a-Māui — is a landmass roughly ...,https://www.facebook.com/122100168117336301/posts/122100063873336301,5,0,0,0,0,0.0,0.0,0,0.0,,,,,,,5.0,0.0,,,,,Watch,Keep collecting data.,,,,,,,,,,,,,0.0,,,,,,,,,,Prehistoric Memories,PM-FB-01,Lost & Forgotten,Zealandia — The Continent That Sank and Was Forgotten for Millions of Years,2026-05-24,0.0,https://www.facebook.com/122100168117336301/posts/122100063873336301,https://www.facebook.com/permalink/122100063873336301,—,—,,Prehistoric Memories,—,—
Instagram,2026-04-14,REELS,"Grip strength might predict how long you live. After 50, muscle is survival. Battle Hard.",https://www.instagram.com/reel/DXHiNmTkQ1E/,5,0,0,0,0,0.0,0.0,0,0.0,,,,,,,,,,,,,Watch,Keep collecting data.,,,,,,,,,,,,,,,,,,,,,,,,,,,,,,https://www.instagram.com/reel/DXHiNmTkQ1E,Win the Long War Launch - OldVideo,7,True,Win the Long War,Muscle,—
FB-Image-PrehistoricMemories,2026-05-24,IMAGE,The Library of Alexandria didn't burn in a single catastrophic night.  The story most people know — Julius Caesar's fire...,https://www.facebook.com/122100168117336301/posts/122098782237336301,4,0,0,0,0,0.0,0.0,0,0.0,,,,,,,4.0,0.0,,,,,Watch,Keep collecting data.,,,,,,,,,,,,,0.0,,,,,,,,,,Prehistoric Memories,PM-FB-01,Lost & Forgotten,The Library of Alexandria Did Not Burn the Way You Think It Did,2026-05-24,0.0,https://www.facebook.com/122100168117336301/posts/122098782237336301,https://www.facebook.com/permalink/122098782237336301,—,—,,Prehistoric Memories,—,—
FB-Image-PrehistoricMemories,2026-05-28,IMAGE,The oxygen you're breathing right now once triggered the first mass extinction in Earth's history.  2.4 billion years ag...,https://www.facebook.com/122100168117336301/posts/122101399185336301,4,0,0,0,0,0.0,0.0,0,0.0,,,,,,,4.0,1.0,,,,,Watch,Keep collecting data.,,,,,,,,,,,,,0.0,,,,,,,,,,Prehistoric Memories,PM-FB-01,Cosmic Origins,The Great Oxidation Event — The First Mass Extinction Was Caused by Oxygen,2026-05-24,0.0,https://www.facebook.com/122100168117336301/posts/122101399185336301,https://www.facebook.com/permalink/122101399185336301,—,—,,Prehistoric Memories,—,—
FB-Image-TheProtocolLab,2026-05-24,IMAGE,One fact. One mechanism. One protocol. Every post.  The Protocol Lab breaks down the science of what actually happens to...,https://www.facebook.com/122096332239348222/posts/122095014495348222,4,0,0,0,0,0.0,0.0,0,0.0,,,,,,,4.0,0.0,,,,,Watch,Keep collecting data.,,,,,,,,,,,,,0.0,,,,,,,,,,The Protocol Lab,,—,—,2026-05-24,0.0,https://www.facebook.com/122096332239348222/posts/122095014495348222,https://www.facebook.com/permalink/122095014495348222,—,—,,The Protocol Lab,—,—
FB-Image-PrehistoricMemories,2026-05-26,IMAGE,There are an estimated 2 trillion galaxies in the observable universe.  The Milky Way alone contains 100 to 400 billion ...,https://www.facebook.com/122100168117336301/posts/122100233307336301,4,0,0,0,0,0.0,0.0,0,0.0,,,,,,,4.0,0.0,,,,,Watch,Keep collecting data.,,,,,,,,,,,,,0.0,,,,,,,,,,Prehistoric Memories,PM-FB-01,Cosmic Origins,The Fermi Paradox — Where Is Everybody?,2026-05-24,0.0,https://www.facebook.com/122100168117336301/posts/122100233307336301,https://www.facebook.com/permalink/122100233307336301,—,—,,Prehistoric Memories,—,—
Instagram,2026-05-22,REELS,Cognitive decline is not inevitable. It is a variable.  After 50 the inputs that drive brain performance are the same inputs that drive physical ...,https://www.instagram.com/reel/DYpLC6XNfTB/,3,0,0,0,0,0.0,0.0,0,0.0,,,,,,,,,,,,,Watch,Keep collecting data.,,,,,,,,,,,,,,,,,,,,,,,,,,,,,,https://www.instagram.com/reel/DYpLC6XNfTB,AI After 50 Launch,4,True,AI After 50,Cognition,—
Instagram,2026-05-20,FEED,"Generic training plans were built for 30-year-olds.  After 50 your recovery window is longer, injury risk is higher, and your hormonal environmen...",https://www.instagram.com/p/DYkERrJkXil/,3,1,0,0,0,0.0,0.0,0,33.33,,,,,,,,,,,,,Watch,Keep collecting data.,,,,,,,,,,,,,,,,,,,,,,,,,,,,,,https://www.instagram.com/reel/DYkERrJkXil,AI After 50 Launch,1,True,AI After 50,Training,—
FB-Image-PrehistoricMemories,2026-05-27,IMAGE,What your ancestors experienced may still live inside you.  Not as memory. As biology.  Epigenetics is the study of how ...,https://www.facebook.com/122100168117336301/posts/122100922809336301,3,0,0,0,0,0.0,0.0,0,0.0,,,,,,,3.0,0.0,,,,,Watch,Keep collecting data.,,,,,,,,,,,,,0.0,,,,,,,,,,Prehistoric Memories,PM-FB-01,Human Origins,Epigenetics — Your Ancestors Experiences Are Written in Your DNA,2026-05-24,0.0,https://www.facebook.com/122100168117336301/posts/122100922809336301,https://www.facebook.com/permalink/122100922809336301,—,—,,Prehistoric Memories,—,—
FB-Image-TheProtocolLab,2026-05-25,IMAGE,Total cholesterol is an almost meaningless number for predicting cardiovascular risk.  The number that matters: LDL part...,https://www.facebook.com/122096332239348222/posts/122095619211348222,3,0,0,0,0,0.0,0.0,0,0.0,,,,,,,3.0,0.0,,,,,Watch,Keep collecting data.,,,,,,,,,,,,,0.0,,,,,,,,,,The Protocol Lab,TPL-FB-01,Metabolism & Biomarkers,Your Doctor Looks at Total Cholesterol. The Number That Actually Matters Is Different.,2026-05-24,0.0,https://www.facebook.com/122096332239348222/posts/122095619211348222,https://www.facebook.com/permalink/122095619211348222,—,—,,The Protocol Lab,—,—
YouTube,2026-05-20,VIDEO,How To Use AI To Build A Training Plan After 50 | AI After 50,https://www.youtube.com/watch?v=OlflnpvIP0Y,3,0,0,0,0,1.0,58.0,0,0.0,Will Power Protocols,,,,,,,,,,,,"Sticky, Repurpose Candidate",Audience watched longer than usual; expand this topic. Turn this Short into an Instagram Reel.,,,,,,,,,,,,,,,,,,,,,,,,,,,,,,https://www.youtube.com/watch?v=OlflnpvIP0Y,AI After 50 Launch,1,True,AI After 50,Training,—
FB-Image-PrehistoricMemories,2026-05-22,IMAGE,What the Blood Knows is live on Amazon. A novel of inherited memory. Book One of The Waking Series.,https://www.facebook.com/122100168117336301/posts/122097622347336301,3,0,0,0,0,0.0,0.0,0,0.0,,,,,,,3.0,0.0,,,,,Watch,Keep collecting data.,,,,,,,,,,,,,0.0,,,,,,,,,,Prehistoric Memories,,—,—,2026-05-22,0.0,https://www.facebook.com/122100168117336301/posts/122097622347336301,https://www.facebook.com/permalink/122097622347336301,—,—,,Prehistoric Memories,—,—
FB-Image-PrehistoricMemories,2026-05-22,IMAGE,"You are part Neanderthal. If your ancestry is non-African, approximately 1–4% of your genome came from Neanderthals, who...",https://www.facebook.com/122100168117336301/posts/122097635865336301,3,0,0,0,0,0.0,0.0,0,0.0,,,,,,,3.0,0.0,,,,,Watch,Keep collecting data.,,,,,,,,,,,,,0.0,,,,,,,,,,Prehistoric Memories,PM-FB-01,Human Origins,You are part Neanderthal — what you inherited,2026-05-22,0.0,https://www.facebook.com/122100168117336301/posts/122097635865336301,https://www.facebook.com/permalink/122097635865336301,—,—,,Prehistoric Memories,—,—
FB-Image-TheProtocolLab,2026-05-28,IMAGE,"Most people track nothing. Or they track the wrong things.  After 50, these five numbers tell you almost everything you ...",https://www.facebook.com/122096332239348222/posts/122097780141348222,3,0,0,0,0,0.0,0.0,0,0.0,,,,,,,3.0,0.0,,,,,Watch,Keep collecting data.,,,,,,,,,,,,,0.0,,,,,,,,,,The Protocol Lab,,—,—,2026-05-28,0.0,https://www.facebook.com/122096332239348222/posts/122097780141348222,https://www.facebook.com/permalink/122097780141348222,—,—,,The Protocol Lab,—,—
FB-Image-PrehistoricMemories,2026-05-27,IMAGE,"Twenty years ago we couldn't extract usable DNA from a 10,000-year-old bone.  Now we routinely sequence genomes from spe...",https://www.facebook.com/122100168117336301/posts/122100697983336301,3,0,0,0,0,0.0,0.0,0,0.0,,,,,,,3.0,0.0,,,,,Watch,Keep collecting data.,,,,,,,,,,,,,0.0,,,,,,,,,,Prehistoric Memories,PM-FB-01,Just Discovered,Ancient DNA Is Rewriting Human History Faster Than Archaeology Can Keep Up,2026-05-24,0.0,https://www.facebook.com/122100168117336301/posts/122100697983336301,https://www.facebook.com/permalink/122100697983336301,—,—,,Prehistoric Memories,—,—
YouTube,2026-04-14,VIDEO,Grip Strength  Predicts How Long You Live,https://www.youtube.com/watch?v=YNH_mUUDZx8,2,0,0,0,0,0.0,21.0,0,0.0,Will Power Protocols,,,,,,,,,,,,Watch,Keep collecting data.,,,,,,,,,,,,,,,,,,,,,,,,,,,,,,https://www.youtube.com/watch?v=YNH_mUUDZx8,Win the Long War Launch - OldVideo,7,True,Win the Long War,Muscle,—
FB-Image-TheProtocolLab,2026-05-24,IMAGE,Sarcopenia — age-related muscle loss — begins in your 30s and accelerates after 50.  1–2% of muscle mass lost per year. ...,https://www.facebook.com/122096332239348222/posts/122095107069348222,2,0,0,0,0,0.0,0.0,0,0.0,,,,,,,2.0,0.0,,,,,Watch,Keep collecting data.,,,,,,,,,,,,,0.0,,,,,,,,,,The Protocol Lab,TPL-FB-01,Muscle & Strength,After 50 You Lose 1% of Muscle Per Year. Unless You Do This.,2026-05-24,0.0,https://www.facebook.com/122096332239348222/posts/122095107069348222,https://www.facebook.com/permalink/122095107069348222,—,—,,The Protocol Lab,—,—
FB-Image-TheProtocolLab,2026-05-26,IMAGE,VO2 max — the maximum rate at which your body can use oxygen during exercise — is the single strongest predictor of all-...,https://www.facebook.com/122096332239348222/posts/122096205513348222,2,0,0,0,0,0.0,0.0,0,0.0,,,,,,,2.0,5.0,,,,,Watch,Keep collecting data.,,,,,,,,,,,,,0.0,,,,,,,,,,The Protocol Lab,TPL-FB-01,Cardiovascular & Longevity,VO2 Max Predicts Your Death Better Than Any Other Biomarker. You Can Improve It at Any Age.,2026-05-24,0.0,https://www.facebook.com/122096332239348222/posts/122096205513348222,https://www.facebook.com/permalink/122096205513348222,—,—,,The Protocol Lab,—,—
FB-Image-PrehistoricMemories,2026-05-24,IMAGE,"Everyone knows Megalodon. Fewer people know what ruled the seas before it.  Mosasaurus — a 57-foot marine lizard, not a ...",https://www.facebook.com/122100168117336301/posts/122098773477336301,2,0,0,0,0,0.0,0.0,0,0.0,,,,,,,2.0,0.0,,,,,Watch,Keep collecting data.,,,,,,,,,,,,,0.0,,,,,,,,,,Prehistoric Memories,PM-FB-01,Ancient Life,The Ocean Had a Predator That Made Megalodon Look Small,2026-05-24,0.0,https://www.facebook.com/122100168117336301/posts/122098773477336301,https://www.facebook.com/permalink/122098773477336301,—,—,,Prehistoric Memories,—,—
FB-Image-TheProtocolLab,2026-05-24,IMAGE,"Total testosterone declines roughly 1% per year after 30. By 50, many men have lost 20–30% of their peak levels.  But th...",https://www.facebook.com/122096332239348222/posts/122095108899348222,2,0,0,0,0,0.0,0.0,0,0.0,,,,,,,2.0,0.0,,,,,Watch,Keep collecting data.,,,,,,,,,,,,,0.0,,,,,,,,,,The Protocol Lab,TPL-FB-01,Hormones & Metabolism,Testosterone Drops 1% Per Year After 30. Here Is What Accelerates It.,2026-05-24,0.0,https://www.facebook.com/122096332239348222/posts/122095108899348222,https://www.facebook.com/permalink/122095108899348222,—,—,,The Protocol Lab,—,—
FB-Image-TheProtocolLab,2026-05-24,IMAGE,"Mitochondria are the power plants of every cell in your body.  After 50, mitochondrial function declines. Fewer mitochon...",https://www.facebook.com/122096332239348222/posts/122095108227348222,2,0,0,0,0,0.0,0.0,0,0.0,,,,,,,2.0,0.0,,,,,Watch,Keep collecting data.,,,,,,,,,,,,,0.0,,,,,,,,,,The Protocol Lab,TPL-FB-01,Cardiovascular & Zone 2,Zone 2 Training Is the Most Powerful Longevity Tool Available.,2026-05-24,0.0,https://www.facebook.com/122096332239348222/posts/122095108227348222,https://www.facebook.com/permalink/122095108227348222,—,—,,The Protocol Lab,—,—
FB-Image-WillByron,2026-05-27,IMAGE,,https://www.facebook.com/122100295071338188/posts/122100251577338188?substory_index=2017504212183571,2,0,0,0,0,0.0,0.0,0,0.0,,,,,,,2.0,0.0,,,,,Watch,Keep collecting data.,,,,,,,,,,,,,0.0,,,,,,,,,,Will Byron,,—,—,2026-05-27,0.0,https://www.facebook.com/122100295071338188/posts/122100251577338188?substory_index=2017504212183571,https://www.facebook.com/permalink/122100251577338188,—,—,,Will Byron,—,—
YouTube,2026-05-27,VIDEO,Why Menopause Destroys Your Sleep — And The Fix | Win the Long War Women's Edition,https://www.youtube.com/watch?v=_fesBgiISUc,2,0,0,0,0,0.0,48.0,0,0.0,Will Power Protocols,,,,,,,,,,,,Sticky,Audience watched longer than usual; expand this topic.,,,,,,,,,,,,,,,,,,,,,,,,,,,,,,https://www.youtube.com/watch?v=_fesBgiISUc,Women's Edition Launch,1,True,Win the Long War Women's Edition,Sleep,—
Instagram,2026-05-28,REELS,Roman Legionaries marched 20 miles a day. They called it marching speed. We call it Zone 2.  The single most researched longevity intervention in...,https://www.instagram.com/reel/DY4w_k9PuiM/,2,0,0,0,0,0.0,0.0,0,0.0,,,,,,,,,,,,,Watch,Keep collecting data.,,,,,,,,,,,,,,,,,,,,,,,,,,,,,,https://www.instagram.com/reel/DY4w_k9PuiM,Roman Protocol Launch,2,True,The Roman Protocol,Zone 2,—
Instagram,2026-05-22,REELS,"Healthcare in retirement averages $300,000 per couple.  Most retirement calculators don't include that number. Most people don't know their month...",https://www.instagram.com/reel/DYpNTcVAN92/,2,1,0,0,0,0.0,0.0,0,50.0,,,,,,,,,,,,,Watch,Keep collecting data.,,,,,,,,,,,,,,,,,,,,,,,,,,,,,,https://www.instagram.com/reel/DYpNTcVAN92,AI After 50 Launch,5,True,AI After 50,Financial,—
Instagram,2026-05-29,REELS,"Marcus Aurelius ran a morning protocol 2,000 years ago. 3 minutes. Every morning.  Write what you'll do today. Where. When. What obstacle you exp...",https://www.instagram.com/reel/DY7S6tKPCJV/,2,1,0,0,0,0.0,0.0,0,50.0,,,,,,,,,,,,,Watch,Keep collecting data.,,,,,,,,,,,,,,,,,,,,,,,,,,,,,,https://www.instagram.com/reel/DY7S6tKPCJV,Roman Protocol Launch,3,True,The Roman Protocol,Mindset,—
FB-Image-TheProtocolLab,2026-05-25,IMAGE,"Only 12% of American adults have optimal metabolic health across all five markers: blood glucose, blood pressure, HDL ch...",https://www.facebook.com/122096332239348222/posts/122095987647348222,2,0,0,0,0,0.0,0.0,0,0.0,,,,,,,2.0,1.0,,,,,Watch,Keep collecting data.,,,,,,,,,,,,,0.0,,,,,,,,,,The Protocol Lab,TPL-FB-01,Hormones & Metabolism,88% of Americans Are Metabolically Unhealthy. Most Do Not Know It.,2026-05-24,0.0,https://www.facebook.com/122096332239348222/posts/122095987647348222,https://www.facebook.com/permalink/122095987647348222,—,—,,The Protocol Lab,—,—
YouTube,2026-05-29,VIDEO,"AI After 50 — The Complete Protocol: Training, Bloodwork, Sleep, Cognition, and Financial Planning",https://www.youtube.com/watch?v=embYnIRNgy8,1,0,0,0,0,0.0,0.0,0,0.0,Will Power Protocols,,,,,,,,,,,,Watch,Keep collecting data.,,,,,,,,,,,,,,,,,,,,,,,,,,,,,,https://www.youtube.com/watch?v=embYnIRNgy8,AI After 50 Launch,—,False,AI After 50,Full Book Overview,—
YouTube,2026-05-22,VIDEO,Win the Long War — The Complete Science-Backed Protocol for Men Over 50,https://www.youtube.com/watch?v=noR_5zslVSc,1,0,0,0,0,0.0,10.0,0,0.0,Will Power Protocols,,,,,,,,,,,,Watch,Keep collecting data.,,,,,,,,,,,,,,,,,,,,,,,,,,,,,,https://www.youtube.com/watch?v=noR_5zslVSc,Win the Long War Launch,—,False,Win the Long War,Full Book Overview,—
Instagram,2026-05-29,REELS,Luteal phase + Athena weight = you overheat faster. Here's why.  Your menstrual cycle raises resting core temperature before racing. At Athena we...,https://www.instagram.com/reel/DY6tc1zh6IU/,1,1,0,0,0,0.0,0.0,0,100.0,,,,,,,,,,,,,Watch,Keep collecting data.,,,,,,,,,,,,,,,,,,,,,,,,,,,,,,https://www.instagram.com/reel/DY6tc1zh6IU,Athena Protocol Launch,2,True,The Athena Protocol,Heat,—
Facebook,2026-05-29,VIDEO,Generic plans were built for 30-year-olds. AI builds one from your actual data.  Two AI hosts break down the complete AI After 50 protocol — five...,https://www.facebook.com/reel/1942418069774385/,1,0,0,0,0,0.03,1.8,0,0.0,,2026-05-29T15:33:59+0000,2026-05-29,VIDEO,REEL,Generic plans were built for 30-year-olds. AI builds one from your actual data.  Two AI hosts break down the complete AI After 50 protocol — five...,1.0,0.0,0.03,1.8,0.0,0.0,Watch,Keep collecting data.,1.0,0.0,0.0,0.0,0.0,1.0,0.0,1.0,1.0,0.0,1.0,1.8,0.0,505.0,post_insights+video_insights,posts_attachment,1942418069774385,1099582573243403_122100713463340266,{},{},"blue_reels_play_count,post_clicks,post_clicks_by_type,post_impressions_unique,post_reactions_by_type_total,post_total_media_view_unique,post_video_avg_time_watched,post_video_complete_views_30s,post_video_complete_views_30s_unique,post_video_view_time,post_video_views,post_video_views_15s,post_video_views_unique","{""blue_reels_play_count"": 1, ""post_video_view_time"": 1800, ""post_video_avg_time_watched"": 1800, ""post_impressions_unique"": 1, ""post_reactions_by_type_total"": {}, ""post_clicks"": 0, ""post_clicks_by_type"": {}, ""post_video_views"": 0, ""post_video_views_unique"": 0, ""post_video_views_15s"": 0, ""post_total_media_view_unique"": 1, ""post_video_complete_views_30s"": 0, ""post_video_complete_views_30s_unique"": 0}",,,,,,,,https://www.facebook.com/reel/1942418069774385,AI After 50 Launch,—,False,AI After 50,Full Book Overview,—
YouTube,2026-05-20,VIDEO,Win the Long War Video Series Ep. 1 — Why Sleep Is the Protocol for Men Over 5,https://www.youtube.com/watch?v=XknMJZIozo8,1,0,0,0,0,0.0,4.0,0,0.0,Will Power Protocols,,,,,,,,,,,,Watch,Keep collecting data.,,,,,,,,,,,,,,,,,,,,,,,,,,,,,,https://www.youtube.com/watch?v=XknMJZIozo8,Win the Long War Launch,—,False,Win the Long War,Short-Form Overview,—
YouTube,2026-05-27,VIDEO,The Clydesdale Protocol — Training and Racing Science for Heavy Endurance Athletes,https://www.youtube.com/watch?v=vcbGRN55vFk,1,0,0,0,0,0.0,6.0,0,0.0,Will Power Protocols,,,,,,,,,,,,Watch,Keep collecting data.,,,,,,,,,,,,,,,,,,,,,,,,,,,,,,https://www.youtube.com/watch?v=vcbGRN55vFk,The Clydesdale Protocol Launch,—,False,The Clydesdale Protocol,Full Book Overview,—
YouTube,2026-05-26,VIDEO,The Athena Protocol — Training and Racing Science for Women Endurance Athletes,https://www.youtube.com/watch?v=S-iFxsOpc_c,1,0,0,0,0,0.0,3.0,0,0.0,Will Power Protocols,,,,,,,,,,,,Watch,Keep collecting data.,,,,,,,,,,,,,,,,,,,,,,,,,,,,,,https://www.youtube.com/watch?v=S-iFxsOpc_c,The Athena Protocol Launch,—,False,The Athena Protocol,Full Book Overview,—
YouTube,2026-05-18,VIDEO,Zone 2 Training After 50 — The Engine That Keeps You Alive | Win the Long War,https://www.youtube.com/watch?v=Fnc8dGw59GQ,1,0,0,0,0,0.0,36.0,0,0.0,Will Power Protocols,,,,,,,,,,,,Sticky,Audience watched longer than usual; expand this topic.,,,,,,,,,,,,,,,,,,,,,,,,,,,,,,https://www.youtube.com/watch?v=Fnc8dGw59GQ,Win the Long War Launch,5,True,Win the Long War,System,—
FB-Image-TheProtocolLab,2026-05-27,IMAGE,The RDA for protein is 0.8g per kg of bodyweight.  That number was calculated to prevent deficiency in sedentary young a...,https://www.facebook.com/122096332239348222/posts/122096761275348222,1,0,0,0,0,0.0,0.0,0,0.0,,,,,,,1.0,0.0,,,,,Watch,Keep collecting data.,,,,,,,,,,,,,0.0,,,,,,,,,,The Protocol Lab,TPL-FB-01,Nutrition & Longevity,The RDA for Protein Will Make You Weak After 50. Here Is What the Research Actually Says.,2026-05-24,0.0,https://www.facebook.com/122096332239348222/posts/122096761275348222,https://www.facebook.com/permalink/122096761275348222,—,—,,The Protocol Lab,—,—
YouTube,2026-05-21,VIDEO,Use AI To Optimize Your Sleep After 50 | AI After 50,https://www.youtube.com/watch?v=JgWRcURaLcw,0,0,0,0,0,0.0,0.0,0,0.0,Will Power Protocols,,,,,,,,,,,,Watch,Keep collecting data.,,,,,,,,,,,,,,,,,,,,,,,,,,,,,,https://www.youtube.com/watch?v=JgWRcURaLcw,AI After 50 Launch,3,True,AI After 50,Sleep,—
YouTube,2026-05-21,VIDEO,Use AI To Read Your Own Bloodwork After 50 | AI After 50,https://www.youtube.com/watch?v=mXRMi-n3V54,0,0,0,0,0,0.0,0.0,0,0.0,Will Power Protocols,,,,,,,,,,,,Watch,Keep collecting data.,,,,,,,,,,,,,,,,,,,,,,,,,,,,,,https://www.youtube.com/watch?v=mXRMi-n3V54,AI After 50 Launch,2,True,AI After 50,Bloodwork,—
Instagram,2026-05-28,FEED,"After 50, the hippocampus shrinks 1–2% every year.  That's the region responsible for learning and memory. Most people accept this as inevitable....",https://www.instagram.com/p/DY5cmoCG2IO/,0,0,0,0,0,0.0,0.0,0,0.0,,,,,,,,,,,,,Watch,Keep collecting data.,,,,,,,,,,,,,,,,,,,,,,,,,,,,,,https://www.instagram.com/reel/DY5cmoCG2IO,—,—,True,The Protocol Lab,Brain & Cognition,—
YouTube,2026-05-18,VIDEO,You're doing everything right. This one variable is destroying your results.,https://www.youtube.com/watch?v=ZxoyWNKcvKw,0,0,0,0,0,0.0,0.0,0,0.0,Will Power Protocols,,,,,,,,,,,,Watch,Keep collecting data.,,,,,,,,,,,,,,,,,,,,,,,,,,,,,,https://www.youtube.com/watch?v=ZxoyWNKcvKw,—,—,,—,—,—
FB-Image-PrehistoricMemories,2026-05-29,IMAGE,"For most of Earth's history, life was simple.  Single cells. Bacterial mats. Slow chemical reactions in ancient oceans. ...",https://www.facebook.com/122100168117336301/posts/122102460669336301,0,0,0,0,0,0.0,0.0,0,0.0,,,,,,,0.0,0.0,,,,,Watch,Keep collecting data.,,,,,,,,,,,,,0.0,,,,,,,,,,Prehistoric Memories,,—,—,2026-05-29,0.0,https://www.facebook.com/122100168117336301/posts/122102460669336301,https://www.facebook.com/permalink/122102460669336301,—,—,,Prehistoric Memories,—,—
YouTube,2026-04-14,VIDEO,This race format is taking over. And it was built for men over 50.,https://www.youtube.com/watch?v=AjTHhYMeLWM,0,0,0,0,0,0.0,0.0,0,0.0,Will Power Protocols,,,,,,,,,,,,Watch,Keep collecting data.,,,,,,,,,,,,,,,,,,,,,,,,,,,,,,https://www.youtube.com/watch?v=AjTHhYMeLWM,Win the Long War Launch - OldVideo,10,False,Win the Long War,Training,—
YouTube,2026-04-18,VIDEO,You're doing everything right. This one variable is destroying your results. #longevity #over50fit,https://www.youtube.com/watch?v=QGXcIZAQOWE,0,0,0,0,0,0.0,0.0,0,0.0,Will Power Protocols,,,,,,,,,,,,Watch,Keep collecting data.,,,,,,,,,,,,,,,,,,,,,,,,,,,,,,https://www.youtube.com/watch?v=QGXcIZAQOWE,Win the Long War Launch - OldVideo,8,True,Win the Long War,Sleep,—
